,precision,recall,f1-score,support
ack,1.0,1.0,1.0,4.0
affirm,0.9939024390243902,0.9588235294117647,0.9760479041916168,170.0
bye,0.8333333333333334,0.9375,0.8823529411764706,16.0
confirm,0.9473684210526315,0.782608695652174,0.8571428571428571,23.0
deny,0.75,0.75,0.75,4.0
hello,1.0,0.8461538461538461,0.9166666666666666,13.0
inform,0.9871428571428571,0.9885550786838341,0.9878484631879915,1398.0
negate,0.9841269841269841,0.9841269841269841,0.9841269841269841,63.0
null,0.9788135593220338,0.9788135593220338,0.9788135593220338,236.0
repeat,1.0,1.0,1.0,5.0
reqalts,0.9486166007905138,0.9795918367346939,0.963855421686747,245.0
reqmore,1.0,1.0,1.0,1.0
request,0.9946638207043756,0.9978586723768736,0.9962586851950829,934.0
restart,0.0,0.0,0.0,1.0
thankyou,0.9979381443298969,0.9938398357289527,0.9958847736625515,487.0
accuracy,0.9863888888888889,0.9863888888888889,0.9863888888888889,0.9863888888888889
macro avg,0.8943937439884678,0.8798581358794103,0.8859332170906,3600.0
weighted avg,0.9862596910993408,0.9863888888888889,0.9862041582634126,3600.0
