experiment,model,examples,accuracy,balanced_accuracy,macro_f1,weighted_f1
mlp,BoW MLP - original split,3600,0.9852777777777778,0.9329152823811852,0.9433521701822829,0.9852383618943572
embedded_mlp,Frozen embeddings + MLP - original split,3600,0.9747222222222223,0.8844169753721081,0.9040686278611283,0.9743709033588256
embedded_lr,Frozen embeddings + LR - original split,3600,0.9863888888888889,0.8798581358794103,0.8859332170906,0.9862041582634126
clean_mlp,BoW MLP - grouped split,3748,0.9397011739594451,0.8187545969029582,0.8245804181346835,0.9346863947947145
rule,Rule classifier,3600,0.89,0.902689323647204,0.7960478889819975,0.9069701078350967
lr,BoW Logistic Regression - original split,3600,0.98,0.7466937702740398,0.7721049851561302,0.9794499847552944
clean_embedded_mlp,Frozen embeddings + MLP - grouped split,3748,0.9773212379935966,0.6920807199922522,0.7156109055566632,0.9727184458535468
clean_embedded_lr,Frozen embeddings + LR - grouped split,3748,0.9565101387406617,0.6833440417336899,0.6972465360803198,0.9519352420094542
clean_lr,BoW Logistic Regression - grouped split,3748,0.9437033084311632,0.6243094570756139,0.6308928736229334,0.931257478690923
